Station,Latitude,Longitude
COV,39.75,-123.21
KMDZ,45.1,-90.3
KBFD,41.8,-78.62
KFSD,43.58,-96.73
KOLF,48.1,-105.58
KDAN,36.57,-79.33
B,46.1,-131.00
OPP4,45.3,-125.6
KMDW,41.78,-87.75
KMMU,40.8,-74.42
KLEE,28.82,-81.81
KARA,30.03,-91.88
KCDS,34.43,-100.28
DVN,41.61,-90.57
FPK,48.31,-105.1
KVEL,40.43,-109.52
KEYW,24.55,-81.75
KJVL,42.62,-89.04
KLEX,38.03,-84.6
OPP1,48.1,-130.5
KMHR,38.55,-121.3
KGNV,29.68,-82.27
KWWR,36.43,-99.53
G,28.4,-98.7
KHXD,32.22,-80.7
KSFM,43.4,-70.72
P,32.41,-106.35
KPGV,35.64,-77.39
KPPO,41.57,-86.73
KSYR,43.12,-76.12
KBHM,33.57,-86.75
KMRB,39.4,-77.98
KMHT,42.93,-71.43
KSAC,38.52,-121.5
CPRF,38.29,-111.26
KOSH,43.98,-88.55
KMSS,44.93,-74.85
KGPI,48.3,-114.27
KCEZ,37.3,-108.67
KMGC,41.7,-86.82
KIWD,46.53,-90.13
CWH,43.31,-109.19
KACY,39.45,-74.57
NCY,34.94,-119.69
KBVY,42.58,-70.92
SDNW,44.41,-104.36
KMWH,47.2,-119.32
ODX,41.62,-98.95
KHKY,35.73,-81.37
KILM,34.27,-77.9
KRAD,48.93,-95.33
CYMT,49.77,-74.53
KCMX,47.17,-88.5
FRP2,32.28,-80.41
KBBG,36.54,-93.2
ALTA,40.58,-111.63
CWMW,46.38,-75.97
CYHZ,44.88,-63.5
KHIO,45.53,-122.95
KFTK,37.91,-85.97
KPBI,26.68,-80.12
CYPL,51.45,-90.2
KGCC,44.35,-105.53
LM3,42.14,-87.66
KCXO,30.36,-95.41
OPA6,35.6,-73.8
WCK,40.94,-123.63
KCAR,46.87,-68.01
KVQQ,30.22,-81.88
KGTF,47.48,-111.37
KGVL,34.27,-83.83
KAND,34.5,-82.72
OAX,41.32,-96.37
MUCM,21.42,-77.85
B43,30.43,-104.33
KVRB,27.65,-80.42
OPP3,45.3,-129.7
KYKN,42.92,-97.38
SRK,35.21,-100.25
KSVE,40.38,-120.57
KZZV,39.95,-81.9
7R5,29.78,-93.3
KTUS,32.12,-110.93
KMSP,44.88,-93.22
KAFF,38.97,-104.82
KLCH,30.12,-93.22
WGTW,43.74,-105.74
KAVP,41.33,-75.73
IJD,41.73,-72.18
KSBD,34.1,-117.23
KEFK,44.89,-72.23
KDHN,31.32,-85.45
G,25.9,-95.3
4BL,37.62,-109.47
KELO,47.82,-91.83
KAFK,40.61,-95.87
FLG,35.23,-111.82
UIL,47.95,-124.55
KDUB,43.55,-109.69
KSDA,40.75,-95.41
PUB,38.46,-104.18
COL4,45.72,-120.21
KCLT,35.22,-80.93
TNB,36.2,-81.65
KEEO,40.05,-107.89
KBLF,37.3,-81.19
KIND,39.73,-86.27
B44,28.39,-100.29
KFLL,26.07,-80.15
OGS,44.68,-75.47
KMCE,37.28,-120.52
KLNR,43.21,-90.18
KMTO,39.48,-88.28
P,36.69,-97.48
KISQ,45.97,-86.17
B,36.6,-74.8
KALI,27.73,-98.03
KRDG,40.38,-75.97
C13,37.1,-92.3
FBIS,32.69,-79.89
BDG,38.3,-119.16
ONP,44.58,-124.06
KINW,35.02,-110.73
ABL,34.1,-86.1
C25,40.8,-84.2
FLK,45.03,-99.11
KUNV,40.84,-77.85
VANC,45.56,-67.43
KUES,43.04,-88.24
P,37.65,-99.09
G005,46.9,-121.3
PWD,48.76,-104.52
K33V,40.73,-106.28
APPL,42.99,-70.62
XRW,36.74,-87.29
KOLU,41.45,-97.34
P,34.09,-88.86
AQQ,29.73,-84.98
CYWG,49.9,-97.23
KTUL,36.2,-95.9
KIPT,41.25,-76.92
KLBL,37.04,-100.97
B41,31.49,-110.3
NTD,34.12,-119.12
MSM1,43.78,-68.86
SBL,43.8,-83.72
KBIH,37.37,-118.37
KIAG,43.1,-78.94
KEWB,41.68,-70.97
CHTS,32.78,-79.92
B,40.4,-124.5
MLD,42.17,-112.28
KOAK,37.73,-122.22
KCSV,35.95,-85.08
KPLN,45.57,-84.8
KSLE,44.92,-123.00
KY22,45.93,-102.17
KSQI,41.74,-89.68
KIXD,38.83,-94.89
KEYX,35.1,-117.56
LISO,41.1,-72.89
WRD,34.36,-117.63
KPRC,34.65,-112.42
KPGA,36.93,-111.45
1V4,44.42,-72.02
KDNV,40.12,-87.6
KLBF,41.13,-100.68
KDFW,32.9,-97.03
K4MB,39.05,-105.51
XMR,28.47,-80.55
GSL,44.02,-83.54
MYEG,23.5,-75.76
95E,33.82,-106.65
K8K2,37.28,-98.04
2I0,37.36,-87.4
WSC,44.1,-93.5
KFNT,42.97,-83.75
9F2,29.1,-90.2
KLND,42.82,-108.73
WRB,32.68,-83.35
P,42.21,-97.79
KPIA,40.66,-89.68
B,37.76,-75.33
KAMA,35.23,-101.7
KMRJ,42.89,-90.24
GVY,39.17,-121.11
RHI,45.63,-89.47
KFKL,41.38,-79.87
KCIC,39.69,-121.91
KY50,44.04,-89.31
KTVK,40.68,-92.9
KIOB,38.06,-83.98
TBW,27.7,-82.38
RVD,47.31,-121.85
KBNA,36.13,-86.68
KGSB,35.33,-77.97
MRP,48.32,-113.35
PFD,36.83,-119.33
KCGI,37.23,-89.57
G,23.7,-88.7
KMOP,43.37,-84.44
KHON,44.38,-98.22
KHUL,46.12,-67.8
OKX,40.87,-72.86
KBRD,46.4,-94.13
G007,44.1,-120.5
B,27.00,-96.5
4OM,48.42,-119.53
GVH,31.71,-87.78
KPIE,27.92,-82.68
KDEC,39.83,-88.87
KAQP,45.23,-96.00
LED,44.35,-103.77
N60,47.65,-101.43
GTB,44.05,-75.73
RUT,43.53,-72.95
KAFJ,40.14,-80.29
KGLH,33.48,-90.98
MPX,44.85,-93.57
MTSL,39.3,-111.46
TNS,44.03,-107.45
KDZJ,34.85,-84.00
KGAG,36.3,-99.77
OPPA,34.6,-122.3
CLD,35.2,-84.8
KMOT,48.27,-101.28
B,40.3,-73.2
KCTB,48.6,-112.37
KSAT,29.53,-98.47
KGGW,48.22,-106.62
KCEF,42.2,-72.53
K13K,37.85,-96.29
KDTW,42.23,-83.33
3CK,42.21,-88.32
KBIS,46.77,-100.75
KIKK,41.07,-87.85
NKX,32.85,-117.12
E74,32.82,-109.68
B46,28.71,-95.96
BKY,34.89,-91.2
PHP,44.05,-101.6
S,28.5,-92.3
KEVV,38.05,-87.53
BPK,36.22,-92.28
KAY1,40.25,-94.33
KGFK,47.95,-97.18
KBZN,45.78,-111.15
KMSL,34.75,-87.62
LE3,42.74,-79.35
BH4,43.35,-104.69
MMTC,25.53,-103.45
K06D,48.88,-99.62
KJAN,32.32,-90.08
KDMN,32.27,-107.72
KPQI,46.68,-68.05
KUNO,36.88,-91.9
KWJF,34.73,-118.22
KMLC,34.88,-95.78
LE2,42.47,-81.22
KBJI,47.5,-94.93
KPSC,46.27,-119.12
GTP,43.9,-110.00
VBG,34.75,-120.57
KGCN,35.95,-112.15
K3MW,40.45,-106.75
P,34.98,-97.52
KPSM,43.08,-70.82
OPP2,48.1,-126.6
KLMT,42.15,-121.73
3J2,31.00,-79.00
KTPH,38.05,-117.08
MUMO,20.65,-74.92
LGVS,43.46,-101.5
K2WX,45.59,-103.55
KMBS,43.53,-84.08
KUCA,43.15,-75.37
B,38.5,-74.7
CYCX,45.83,-66.43
KAGC,40.34,-79.93
SAT,29.7,-98.01
KCLL,30.58,-96.37
MCGL,45.5,-73.57
SOA,30.59,-100.65
KELD,33.22,-92.8
KOGB,33.46,-80.85
KJLN,37.15,-94.5
TUL,36.18,-95.56
C34,35.5,-97.00
KUTS,30.73,-95.47
JPB,44.3,-67.3
KIAH,29.97,-95.35
GNC,34.25,-89.87
SPA,41.05,-74.63
CLE,41.5,-81.6
KSBS,40.51,-106.87
BOD,38.32,-123.07
KMTN,39.33,-76.42
KDAY,39.9,-84.2
COL1,45.68,-121.27
U,31.9,-81.63
KCRW,38.37,-81.6
KCSM,35.33,-99.2
KMKC,39.12,-94.6
KSAV,32.13,-81.19
KSBM,43.78,-87.85
CWZV,51.93,-131.02
CYXH,50.02,-110.72
CLN,31.71,-89.41
KALB,42.75,-73.8
KFYV,36.00,-94.17
KPSO,37.29,-107.06
KDAB,29.18,-81.05
KAGS,33.37,-81.97
KSMX,34.9,-120.45
KRIW,43.07,-108.47
NID,35.68,-117.68
KLKN,40.87,-115.73
LVM,45.7,-110.45
G009,42.7,-121.4
KDCA,38.84,-77.03
KYKM,46.57,-120.53
KBMI,40.48,-88.92
KIRS,41.81,-85.44
KDFI,41.34,-84.43
C08,37.4,-105.2
KCDC,37.7,-113.1
KFMY,26.58,-81.87
LM2,42.67,-87.02
KAOO,40.3,-78.32
KABR,45.45,-98.43
OPA1,42.35,-67.7
CYPQ,44.23,-78.37
KFOE,38.95,-95.67
KNEW,30.05,-90.03
KOTM,41.1,-92.45
KLCI,43.57,-71.42
KONT,34.05,-117.6
KDLL,43.52,-89.77
ILS,28.88,-118.3
KBNO,43.58,-118.95
KSMF,38.7,-121.58
KGLD,39.37,-101.7
GRMM,46.68,-85.97
KCGX,41.87,-87.6
KMLS,46.43,-105.87
WEV,40.73,-122.94
LS1,48.06,-87.78
K48I,38.69,-80.65
BAX,43.78,-82.99
KMPV,44.2,-72.57
KLVS,35.65,-105.15
O,35.96,-84.29
KRDD,40.5,-122.3
B,29.3,-77.4
KBCE,37.7,-112.15
KRWL,41.8,-107.2
KSJT,31.37,-100.5
KCPW,37.45,-106.8
TPK,35.85,-121.31
KINL,48.57,-93.38
KSAF,35.62,-106.08
C01,37.2,-118.8
KAXN,45.87,-95.4
KPIT,40.5,-80.22
KCOD,44.52,-109.02
KK71,39.06,-98.17
WLM,39.15,-122.15
KLDM,43.58,-86.24
KINT,36.13,-80.22
JOES,45.35,-117.23
LW1,34.9,-98.1
KOFK,41.98,-97.43
CYQG,42.27,-82.97
KACV,40.98,-124.1
CHRL,53.63,-106.2
INV,28.84,-82.33
KCAE,33.95,-81.12
TVR,32.35,-91.03
KISP,40.8,-73.1
KHTS,38.37,-82.55
BRA,34.8,-84.05
KASE,39.22,-106.87
KECG,36.27,-76.18
KVCT,28.85,-96.92
TRAV,38.06,-121.77
KRAW,38.35,-93.34
KCHS,32.9,-80.03
P,40.18,-104.72
GYX,43.9,-70.25
KBUR,34.2,-118.35
B,43.53,-70.14
KMVL,44.53,-72.61
KFNL,40.45,-105.01
TMSR,39.99,-74.17
KAKQ,36.99,-77.00
ATL2,36.05,-74.25
KRUM,44.53,-70.53
WTBY,41.56,-73.05
KTQE,41.76,-96.18
P,41.9,-106.19
GVS,40.72,-85.93
KMCW,43.15,-93.33
KSME,37.05,-84.61
KLDN,45.25,-112.55
KLBO,37.64,-92.65
YQL,49.63,-112.8
MSPS,45.58,-87.00
KGXY,40.43,-104.63
KCRQ,33.13,-117.28
KPMD,34.63,-118.08
S,28.00,-89.00
KRKS,41.6,-109.07
TSW,44.17,-122.06
KINK,31.78,-103.2
KMOB,30.68,-88.25
KATL,33.65,-84.42
GVA,34.48,-120.23
KPOY,44.87,-108.79
SDN,37.13,-96.19
B,32.3,-75.2
KSDM,32.57,-116.98
MMCN,27.32,-112.3
IMT,45.82,-88.12
GMX1,29.2,-87.25
KRQB,43.43,-85.3
KJYR,40.9,-97.62
K40B,46.62,-69.53
B,32.4,-119.5
MMMY,25.78,-100.1
KUGN,42.42,-87.87
KBIL,45.8,-108.53
S,28.00,-85.00
YSV,37.74,-118.59
KLAF,40.41,-86.93
DYS,32.54,-99.25
C28,34.5,-82.5
KVPZ,41.45,-87.01
KMTH,24.73,-81.05
LSC,42.47,-82.76
KAIA,42.05,-102.8
KMFD,40.82,-82.52
BID,41.17,-71.58
KCCU,39.48,-106.15
D55,48.75,-98.39
KHIE,44.36,-71.55
E28,32.9,-106.4
KSHV,32.47,-93.82
KCAK,40.91,-81.43
K2D5,46.17,-98.07
SOU,42.48,-108.84
KCVG,39.05,-84.67
KMHX,34.78,-76.87
P,42.91,-101.69
KFSM,35.33,-94.37
BH2,44.79,-104.73
KAVL,35.43,-82.55
KORF,36.9,-76.19
KALW,46.1,-118.28
FSTK,30.9,-102.85
SAW,46.35,-87.4
PWN,46.77,-91.25
MUHA,22.98,-82.4
KPNE,40.08,-75.01
GNB,44.92,-80.42
MMTJ,32.55,-116.97
KTRK,39.32,-120.13
KSLC,40.78,-111.97
KCNI,34.31,-84.42
KDRT,29.37,-100.92
KFVX,37.35,-78.43
KDHT,36.02,-102.55
KSRQ,27.4,-82.55
KCPR,42.92,-106.47
CYZX,44.98,-64.92
KGEG,47.63,-117.53
KAVX,33.4,-118.42
KTTN,40.28,-74.82
P,37.52,-92.7
CYGQ,49.78,-86.93
CKV,42.08,-110.96
SJS,37.75,-82.64
KELM,42.17,-76.9
KHSR,43.37,-103.39
KRIF,38.74,-112.1
STDM,47.18,-87.22
G010,32.42,-110.73
KCDR,42.83,-103.1
KTNM,46.61,-88.91
G,24.4,-97.4
KLAR,41.32,-105.67
KEKO,40.83,-115.78
AWH,41.67,-115.78
KLSE,43.87,-91.25
CYZT,50.68,-127.37
KBPP,46.19,-103.43
KPWM,43.65,-70.32
KJFK,40.65,-73.78
HSP,37.95,-79.83
B,40.37,-73.7
KTT,40.82,-79.53
LIN,35.62,-87.84
KOAJ,34.82,-77.61
KPDT,45.68,-118.85
KEWK,38.06,-97.28
WIN,37.01,-91.36
KBPI,42.58,-110.11
KJAC,43.6,-110.73
KFAT,36.77,-119.72
PLA,47.76,-120.65
KSBY,38.33,-75.51
LAA,38.07,-102.68
KCKL,32.9,-87.25
KUKF,36.22,-81.1
KCNM,32.33,-104.27
OKL,39.13,-100.87
KISW,44.36,-89.84
HMN,33.08,-106.12
K1H2,39.07,-88.53
FWD,32.83,-97.3
KMEM,35.05,-90.00
CNLK,53.99,-105.12
KMIB,48.5,-101.4
PRC,34.53,-112.47
PSR,42.2,-107.2
ATL6,39.7,-71.6
KBDR,41.17,-73.12
G001,47.5,-121.1
MTG,43.76,-75.68
SLO,38.65,-88.97
K9K7,38.75,-98.23
MMCU,28.7,-105.97
OPP8,36.4,-125.4
CWLB,54.77,-112.02
K20V,40.05,-106.36
KIZA,34.61,-120.08
BAB,39.49,-121.61
KEVU,40.35,-94.92
NXD,37.58,-120.27
KJMS,46.93,-98.68
LSY,36.2,-119.1
KERY,46.31,-85.46
JDN,47.33,-106.93
HNR,41.59,-95.34
KPEO,42.64,-77.05
KRWF,44.55,-95.08
JACK,45.64,-70.26
K1A6,36.61,-83.74
KOLY,38.72,-88.18
KPDX,45.6,-122.6
6RO,30.33,-89.82
ROD,38.51,-122.96
KBDE,48.73,-94.62
RAWS,45.8,-97.45
KBYI,42.55,-113.77
KOMA,41.3,-95.9
CYQT,48.37,-89.32
KEEN,42.9,-72.27
KHAT,35.27,-75.55
CCR,39.99,-122.06
KGBD,38.34,-98.86
KBTR,30.53,-91.15
B48,24.7,-81.51
KLAL,27.99,-82.02
EVW,41.28,-111.03
KJMR,45.89,-93.27
KLOT,41.61,-88.1
KDAG,34.84,-116.78
KFPR,27.5,-80.37
KU96,37.44,-110.56
KPBF,34.18,-91.93
P,38.31,-97.3
KPIH,42.92,-112.6
KEMP,38.33,-96.19
KBGM,42.22,-75.98
KSSC,33.97,-80.47
KHSG,43.71,-108.39
KCEC,41.78,-124.23
KDRO,37.15,-107.75
B,27.9,-95.00
KMSO,46.92,-114.08
KGRI,40.97,-98.32
D07,45.02,-102.02
CSQ,41.02,-94.36
HYR,46.02,-91.45
C07,38.5,-101.5
KRBG,43.23,-123.35
P,34.11,-94.29
KSEP,32.22,-98.18
P,36.07,-99.22
AIH,42.6,-99.9
KMCN,32.7,-83.65
KFLG,35.13,-111.67
CYQD,53.97,-101.1
MUGM,19.9,-75.12
KMKG,43.17,-86.25
P,44.67,-95.45
LS2,47.56,-86.55
KLRU,32.28,-106.92
KMML,44.45,-95.82
KRNK,37.21,-80.41
HOO,30.72,-97.38
KHUT,38.07,-97.87
KESN,38.8,-76.07
KFAY,34.98,-78.87
KBVN,41.73,-98.01
EDW,34.92,-117.9
CYCG,49.3,-117.63
DSC,35.34,-116.88
PIE,39.17,-79.52
CVM,23.73,-99.13
MMMZ,23.17,-106.27
KRSV,39.02,-87.65
ATL4,38.6,-73.75
KIAD,38.95,-77.44
CYQM,46.12,-64.68
KPBG,44.65,-73.49
KBPT,29.95,-94.02
VPS,30.56,-85.92
KGSP,34.9,-82.22
KLCB,29.22,-114.28
KTIF,41.96,-100.57
MCR,32.07,-82.9
K4S3,45.36,-117.25
CYYJ,48.65,-123.43
B,46.2,-124.2
KSPW,43.17,-95.21
CYVO,48.05,-77.78
PMH,38.83,-82.8
KOGD,41.2,-112.02
KLBB,33.65,-101.82
KMTW,44.13,-87.68
COL2,45.72,-121.56
WAM,41.67,-107.98
BFL,35.24,-119.03
CYQQ,49.72,-124.9
KCLE,41.42,-81.87
MMCV,23.72,-98.97
K9K8,37.67,-98.12
KPYM,41.92,-70.73
KPOU,41.63,-73.87
KMDT,40.2,-76.76
C02,47.61,-103.26
KWYS,44.68,-111.12
CYZV,50.22,-66.27
GDV,47.13,-104.8
KFMM,40.34,-103.8
KAPA,39.57,-104.85
P,37.38,-95.63
KSEA,47.45,-122.3
KGPT,30.4,-89.07
4HV,38.37,-110.72
KUKL,38.3,-95.72
B015,42.75,-124.82
KTRX,40.08,-93.59
APX,44.9,-84.72
KMLU,32.52,-92.03
CAO,36.45,-103.15
G011,36.61,-97.49
KMFR,42.37,-122.87
KWRL,43.97,-107.95
KMSV,41.7,-74.8
KCSG,32.52,-84.93
KHNR,41.58,-95.34
KRNH,45.15,-92.54
KCID,41.88,-91.7
KBVO,36.76,-96.01
KBVI,40.77,-80.4
KMLB,28.1,-80.65
KGUP,35.52,-108.78
MUGT,20.08,-75.15
KDAL,32.84,-96.85
KGRK,31.07,-97.83
KENW,42.59,-87.94
KRPD,45.42,-91.77
KMGW,39.65,-79.92
S,25.00,-115.00
OSW,43.45,-76.51
GLRY,37.07,-121.12
KOLM,46.97,-122.9
WPT,46.91,-124.11
REO,42.59,-117.87
KCHA,35.03,-85.2
KHUF,39.45,-87.32
P,31.9,-92.78
KGGI,41.71,-92.73
CTY,29.62,-83.1
KOKC,35.4,-97.6
BLU,39.28,-120.7
BH1,45.27,-103.54
KSLK,44.38,-74.19
KHBG,31.27,-89.26
KBED,42.47,-71.28
KGRR,42.88,-85.52
KLGU,41.78,-111.85
CRL,42.04,-94.79
KBDL,41.93,-72.68
KUV1,40.48,-93.01
B,31.4,-80.87
UNIS,44.56,-102.66
KLUK,39.09,-84.42
KEWN,35.07,-77.05
C23,46.2,-97.5
B40,33.02,-114.24
KMCB,31.18,-90.47
SMB,41.39,-123.49
KMKE,42.95,-87.9
KIMM,26.42,-81.44
OPA9,32.8,-72.3
KLGB,33.82,-118.15
HGR,39.7,-77.73
CYHM,43.17,-79.93
KRFD,42.2,-89.1
KJBR,35.83,-90.65
KBOI,43.57,-116.22
KFXE,26.2,-80.17
KBRL,40.78,-91.13
KAYS,31.25,-82.4
KTMB,25.65,-80.43
FLP,36.2,-92.47
S,28.00,-87.00
C06,37.9,-95.2
KBQK,31.25,-81.47
BDS,33.62,-103.02
KPSP,33.83,-116.5
KAEL,43.68,-93.37
KPFN,30.22,-85.68
KGWO,33.5,-90.08
WSD,32.24,-106.22
MMHO,29.07,-110.97
EMP,27.95,-110.8
KONZ,42.1,-83.16
KIXA,36.33,-77.64
CYXZ,47.97,-84.78
KPSF,42.47,-73.29
KPHF,37.13,-76.5
ELZB,37.7,-85.87
IVNH,44.46,-96.25
KBUF,42.93,-78.73
ESTC,47.46,-69.22
KRAP,44.06,-103.05
KMDH,37.78,-89.25
KFOA,38.66,-88.45
KSCH,42.85,-73.93
KAXA,43.08,-94.27
SJN,34.51,-109.38
KMLI,41.45,-90.52
KLAS,36.08,-115.17
TTP,43.5,-110.96
KSBP,35.23,-120.63
KP60,44.54,-110.42
OPA8,33.8,-76.00
KGON,41.33,-72.05
KMYR,33.68,-78.93
MUCU,19.96,-75.85
C32,37.35,-99.35
CYKF,43.47,-80.38
KOVO,39.05,-85.61
P,33.02,-100.98
CYOW,45.32,-75.67
FRI,36.72,-80.97
K5J0,44.4,-118.96
CYYC,51.12,-114.02
KISN,48.18,-103.63
OPA4,37.3,-70.1
KCIU,46.25,-84.47
BBD,31.18,-99.32
KCOS,38.82,-104.72
CWSE,53.55,-114.1
KCMH,40.00,-82.88
MMRX,26.02,-98.23
KU68,44.91,-108.45
KFMH,41.65,-70.52
KHSV,34.65,-86.77
KTCC,35.18,-103.6
KPOE,31.05,-93.2
K5SM,39.43,-107.38
P,39.66,-90.48
C10,34.2,-101.7
S,34.00,-126.00
LHS,35.62,-119.69
CQV,48.55,-117.88
RTN,36.74,-104.65
SON,37.99,-120.38
MIE,40.25,-85.4
EVR,25.86,-81.38
KDSM,41.53,-93.65
KEGE,39.65,-106.92
KMQT,46.53,-87.55
KCON,43.2,-71.5
4BQ,45.45,-105.4
KCFV,37.09,-95.57
RPL2,37.54,-76.01
KLG,47.54,-116.14
KRDU,35.87,-78.78
KREV,39.57,-119.79
OPP9,33.3,-125.00
KJAX,30.5,-81.69
KP11,48.1,-98.87
B,28.9,-78.5
NW8,44.6,-127.5
PESC,37.1,-122.28
KHCR,40.48,-111.43
KERI,42.08,-80.18
CYFO,54.68,-101.68
KRIL,39.53,-107.73
KENV,40.73,-114.03
B,32.5,-79.07
KUNI,39.21,-82.23
K46U,43.18,-111.04
S,29.5,-123.00
KMKX,42.97,-88.55
KRSW,26.53,-81.75
OPP6,41.9,-125.8
KILG,39.68,-75.6
MMCS,31.63,-106.43
KMWK,36.46,-80.55
KSDY,47.7,-104.2
KDEW,47.97,-117.43
KDET,42.42,-83.02
RSL,34.4,-87.6
KRKD,44.07,-69.1
KLBE,40.28,-79.4
KPAE,47.9,-122.28
B,25.9,-89.7
MQTM,46.54,-87.39
KEPH,47.3,-119.52
P53,46.42,-86.65
KC09,41.42,-88.41
CFC,39.08,-120.94
TBM,36.65,-118.48
CYYB,46.37,-79.42
KLVL,36.77,-77.79
KHOB,32.68,-103.22
KBKW,37.78,-81.12
C03,37.8,-97.01
KSFF,47.68,-117.32
OPP5,41.75,-129.9
KJXN,42.27,-84.47
CYYZ,43.67,-79.63
STA,40.72,-122.43
GRUN,37.27,-82.1
KIFA,42.47,-93.27
SHS,38.49,-121.22
CWQG,46.9,-71.5
KCLM,48.12,-123.5
KSSI,31.15,-81.37
S,28.2,-93.7
KLOZ,37.08,-84.08
KTCS,33.23,-107.27
KCFS,43.46,-83.45
KEET,33.17,-86.77
KIDI,40.63,-79.11
OPP7,39.2,-125.5
KRNO,39.5,-119.78
KESF,31.4,-92.3
C09,36.00,-105.3
KGKL,41.63,-80.21
OUN,35.23,-97.47
PAXT,40.46,-88.1
MMNL,27.43,-99.57
BNY,40.88,-121.66
KBKE,44.83,-117.82
U28,39.00,-110.17
KOPF,25.9,-80.28
KP58,44.02,-82.79
ILX,40.15,-89.33
KHYS,38.85,-99.27
KLWD,40.63,-93.9
KESC,45.73,-87.08
KTXK,33.45,-93.98
KABE,40.65,-75.43
GDP,31.83,-104.8
KMBL,44.28,-86.25
KMRY,36.58,-121.85
KOGA,41.12,-101.77
S,25.00,-120.00
CYXU,43.03,-81.15
AFA,48.00,-65.00
C36,36.6,-101.6
KROC,43.12,-77.67
KBGR,44.8,-68.83
CTW,38.37,-96.54
LLQ,33.64,-91.75
MYGF,26.55,-78.69
CYQA,44.97,-79.3
KANB,33.58,-85.85
KCHH,41.67,-69.97
S,29.3,-84.04
BMX,33.17,-86.77
KAPN,45.07,-83.57
KSGU,37.04,-113.5
KLXN,40.79,-99.78
KGEY,44.52,-108.08
KISM,28.29,-81.44
PTBA,37.82,-122.47
KHCO,48.75,-96.94
G,30.5,-99.1
KHIB,47.38,-92.83
KSHR,44.77,-106.97
KOWB,37.75,-87.16
KRMG,34.35,-85.16
UVA,29.21,-99.74
NWA,40.5,-126.98
KSUN,43.5,-114.3
KSCK,37.9,-121.25
MUVR,23.13,-81.28
MUCL,21.62,-81.55
FFC,33.36,-84.57
KMSY,29.98,-90.25
RLAS,43.26,-98.76
KEPO,44.92,-67.00
KCRE,33.82,-78.72
KGXA,34.57,-117.67
LAP,24.17,-110.42
KHBR,34.98,-99.05
KP28,37.27,-98.55
KBTV,44.47,-73.15
LIC,39.26,-103.7
CYTL,53.83,-89.87
KSJC,37.37,-121.93
KJKL,37.59,-83.32
KLGA,40.77,-73.9
KAHN,33.95,-83.32
KPHL,39.88,-75.25
KWRI,40.02,-74.6
KGYY,41.62,-87.42
KPUB,38.28,-104.52
KGUY,36.68,-101.5
KELN,47.03,-120.53
KLBX,29.12,-95.47
KCMI,40.03,-88.28
KMCI,39.32,-94.72
KMTJ,38.5,-107.9
RME,43.47,-75.46
B,40.7,-72.1
NHK,38.28,-76.4
KROW,33.3,-104.53
FTMS,44.41,-103.48
KIDA,43.52,-112.07
MUNG,21.83,-82.78
BVE,29.33,-89.4
B,41.1,-66.6
KSNA,33.68,-117.87
KSYM,38.22,-83.59
KSUS,38.66,-90.65
KFVE,47.28,-68.32
W54,39.61,-77.01
KLIT,34.73,-92.23
G,27.7,-102.5
CYMO,51.28,-80.6
KAUG,44.32,-69.8
KAJZ,38.79,-108.06
KTEX,37.95,-107.9
KPRB,35.66,-120.63
KDEH,43.28,-91.74
CYXX,49.03,-122.37
KDLS,45.62,-121.17
STC,45.55,-94.07
C18,47.00,-112.5
FCS,38.7,-104.77
KARR,41.77,-88.48
MUBA,20.35,-74.5
KDBQ,42.4,-90.7
CAN,42.05,-73.2
9B6,42.6,-68.6
KNVD,37.85,-94.31
KLCK,39.82,-82.93
TOW,41.77,-76.45
NW7,48.5,-129.5
AGR,27.65,-81.33
P,35.08,-103.61
G004,44.00,-115.00
KGNR,45.47,-69.58
KTOL,41.6,-83.8
KLWV,38.76,-87.61
MHS,41.32,-122.32
KBFF,41.87,-103.6
KLNK,40.84,-96.75
KTTD,45.55,-122.4
KADG,41.87,-84.07
CYQK,49.78,-94.37
KDAF,44.03,-90.08
KMCO,28.43,-81.32
KLCG,42.24,-96.98
KKL,40.2,-92.6
KHFD,41.73,-72.65
KDTL,46.83,-95.89
KOSC,44.45,-83.4
KEST,43.4,-94.75
KSPS,33.98,-98.5
KLEW,44.05,-70.28
KHOT,34.48,-93.1
P,40.1,-97.34
KBRO,25.9,-97.43
KMPO,41.14,-75.38
KGJT,39.12,-108.53
KALS,37.45,-105.87
OSCR,33.5,-106.18
KYUM,32.65,-114.6
KORH,42.27,-71.87
C7H,38.5,-70.7
KPIR,44.38,-100.28
KPKB,39.34,-81.43
MMCL,24.82,-107.4
KCNY,38.76,-109.75
G,26.3,-98.8
CYMX,45.68,-74.03
MMDO,24.13,-104.53
KATY,44.92,-97.15
K3LF,39.16,-89.67
CYWA,45.95,-77.32
CYEG,53.3,-113.58
CWOS,43.72,-65.25
KCAD,44.28,-85.42
KGZH,31.42,-87.05
JWG,35.87,-98.42
KABQ,35.05,-106.62
KVYS,41.35,-89.15
G,23.3,-95.6
KTLH,30.38,-84.37
KIJX,39.77,-90.24
KFLO,34.18,-79.72
KBLI,48.8,-122.53
KWWD,39.01,-74.91
MMSD,23.15,-109.7
P,39.58,-94.19
KDDC,37.77,-99.97
KTYS,35.82,-83.98
KSPI,39.84,-89.67
IGM,35.27,-113.95
KAUS,30.3,-97.7
KSFO,37.62,-122.38
C11,33.6,-99.3
KTIW,47.27,-122.58
KAFO,42.71,-110.94
SLB,42.6,-95.23
KDUG,31.47,-109.6
B,25.9,-93.6
B42,32.02,-107.87
KSWF,41.5,-74.1
CYBU,53.33,-104.00
SHNW,46.28,-122.28
LBT,34.61,-79.06
KGUC,38.53,-106.93
DDOR,45.29,-86.98
KECS,43.89,-104.32
KEPZ,31.87,-106.7
KLRD,27.55,-99.47
KDUJ,41.18,-78.9
KEMM,41.82,-110.56
CAI,37.3,-88.9
LUS,42.76,-104.45
KTOP,39.07,-95.62
KEAT,47.4,-120.2
KMPH,38.35,-97.69
KICR,43.39,-99.84
LWA,42.41,-86.28
KCRP,27.77,-97.5
B45,26.57,-98.82
KBFL,35.43,-119.05
MMMA,25.77,-97.53
KSTJ,39.77,-94.92
WJA,52.88,-118.07
KROA,37.32,-79.97
FPKG,32.03,-80.89
KTCL,33.22,-87.62
KIOW,41.64,-91.54
OPA5,36.3,-74.6
KGLS,29.3,-94.8
MHW,45.35,-121.94
B,25.9,-85.9
KLFK,31.23,-94.75
LE1,41.68,-82.4
KTYR,32.34,-95.4
KUKI,39.13,-123.2
KDIK,46.8,-102.8
KAIB,38.23,-108.56
SMN,45.12,-113.88
U24,39.33,-112.58
KMEI,32.33,-88.75
KDEN,39.87,-104.67
G,24.5,-94.4
CYVV,44.75,-81.1
ATL3,32.8,-77.2
KPIB,31.47,-89.33
PTT,37.7,-98.75
FSN,42.11,-109.45
KCAG,40.5,-107.52
MOR,36.17,-83.4
KOTX,47.7,-117.6
KTVC,44.73,-85.58
LM1,45.33,-86.42
KBWI,39.18,-76.67
KDIJ,43.74,-111.1
CNN,38.37,-93.79
W,37.48,-96.93
PRX,33.63,-95.45
KHLN,46.6,-112.00
K2G4,39.58,-79.34
KAST,46.15,-123.88
KHRL,26.23,-97.65
LO2,43.4,-79.45
SNY,41.1,-102.98
KHYA,41.67,-70.28
KEAU,44.87,-91.48
KUIN,39.95,-91.2
KABI,32.41,-99.68
MUMZ,20.33,-77.12
KK68,38.28,-95.22
C14,41.00,-107.00
MYL,44.88,-116.1
TNF,39.13,-120.8
LOR,31.46,-85.46
KEWR,40.7,-74.17
KPNA,42.8,-109.81
KPNC,36.73,-97.1
KIML,40.51,-101.62
END,36.34,-97.92
KOZW,42.63,-83.98
KEUG,44.12,-123.22
KORD,41.98,-87.9
KDMO,38.71,-93.18
KSUX,42.4,-96.38
ONTM,46.88,-89.32
CYVR,49.18,-123.17
KDLH,46.83,-92.18
KDRM,46.01,-83.74
KMAF,31.95,-102.18
KMHV,35.07,-118.15
CHE,43.5,-95.6
KBFI,47.53,-122.3
KPHD,40.47,-81.42
WAL,37.93,-75.48
KSGF,37.23,-93.38
GVL,45.95,-116.13
MTY,25.87,-100.2
KMYZ,39.86,-96.63
B,40.5,-69.4
KCKB,39.3,-80.23
KBIE,40.3,-96.75
KRCZ,34.89,-79.76
LDL,39.1,-106.2
KMKL,35.59,-88.92
JFC,42.49,-107.83
JAYV,44.94,-72.51
KHRO,36.27,-93.15
P,37.77,-102.18
DOV,38.83,-75.43
KMHK,39.13,-96.67
BYG,44.38,-106.72
B,32.8,-79.62
KMHE,43.77,-98.03
MAW,46.19,-121.7
CND,36.95,-85.26
CYQI,43.87,-66.1
MAX,32.54,-85.79
KIPL,32.83,-115.58
KBML,44.58,-71.18
KEGT,37.32,-97.39
KPOB,35.17,-79.02
KPHX,33.43,-112.02
KART,44.00,-76.01
KPUW,46.75,-117.12
KHFJ,36.91,-94.02
WNTR,48.49,-120.24
KBEH,42.14,-86.44
BIV,42.75,-86.1
CYLH,52.23,-87.88
KTAZ,39.53,-89.33
P,31.78,-95.71
KIEN,43.02,-102.52
KXSA,37.86,-76.89
MUVT,20.95,-76.94
G003,44.5,-122.7
8V7,37.28,-102.61
KBBW,41.44,-99.64
KFRM,43.65,-94.42
HSI,40.32,-98.44
KMIA,25.82,-80.28
BDT,43.2,-110.4
SEF,37.7,-123.00
KRNP,42.99,-84.14
KSTL,38.75,-90.37
CYUL,45.47,-73.75
KPNS,30.47,-87.18
KMIV,39.37,-75.07
MMLP,24.07,-110.37
KMNM,45.12,-87.63
OPA7,34.9,-70.8
BH5,43.53,-103.65
KAZO,42.23,-85.55
KPHG,39.73,-99.32
KCYS,41.15,-104.82
FNB,40.08,-95.6
COAT,39.98,-75.82
K9D1,43.22,-99.4
KJHW,42.15,-79.26
SANQ,37.94,-122.5
ATH,42.3,-102.4
KICT,37.65,-97.43
CWLW,49.95,-119.4
CYLJ,54.13,-108.52
LH2,44.28,-82.42
P,36.88,-89.97
FDR,34.36,-98.98
EAX,38.81,-94.26
SMP,47.28,-121.33
KLS,46.12,-122.94
WHI,42.04,-77.76
KPTK,42.67,-83.42
MUBY,20.4,-76.62
OPA2,39.3,-72.00
ATL5,39.55,-73.9
KFAM,37.77,-90.43
JCT,30.5,-99.77
KSBA,34.43,-119.83
FHU,31.57,-110.33
P,40.81,-87.05
KLNL,46.15,-89.21
KOXR,34.21,-119.2
K2V5,40.1,-102.24
KASW,41.28,-85.84
KC07,40.35,-106.7
KSTK,40.61,-103.26
P,35.68,-95.86
P,40.09,-100.65
KGRB,44.48,-88.13
KJST,40.32,-78.83
KFOD,42.55,-94.2
MBY,39.42,-92.44
CYSJ,45.32,-65.88
FTSR,34.38,-104.23
KVIH,38.13,-91.77
KFSK,37.8,-94.77
KAAT,41.5,-120.53
SNWS,38.4,-80.00
KCNK,39.55,-97.65
KMGM,32.3,-86.4
KLWM,42.72,-71.12
TBL,40.13,-105.24
KHVN,41.27,-72.87
C19,49.00,-114.00
CBE,39.62,-78.76
LUT,47.66,-90.91
KPAH,37.07,-88.77
C33,35.3,-98.9
KRBL,40.15,-122.25
MMGM,27.97,-110.93
G,23.00,-85.00
KASY,46.02,-99.35
KBAF,42.15,-72.72
KMKT,44.22,-93.91
KACK,41.25,-70.07
KFTY,33.78,-84.52
KCGE,38.54,-76.03
B,34.9,-73.00
C35,34.98,-94.69
BHK,46.37,-104.28
KBTM,45.95,-112.5
KLZK,34.83,-92.25
STV,33.45,-88.82
IPX,44.42,-111.37
KDPA,41.92,-88.25
KCOU,38.82,-92.22
KBNV,40.2,-113.3
BON,48.69,-116.32
KRSL,38.87,-98.82
PPB,35.66,-121.28
KTVL,38.9,-120.00
KTPA,27.97,-82.53
KGFL,43.33,-73.62
KCNB,44.73,-96.27
KC75,41.02,-89.39
KLVK,37.7,-121.82
C04,34.6,-94.3
KAIZ,38.1,-92.55
KMSN,43.13,-89.33
CWLO,49.78,-99.65
RUE,35.25,-93.09
MMML,32.63,-115.24
COA,36.14,-120.35
V,42.86,-100.41
KFTW,32.82,-97.37
KPDK,33.88,-84.3
MAR,42.11,-92.92
KLAN,42.77,-84.6
FRO,43.33,-120.84
CWZC,51.27,-80.65
KPEQ,31.38,-103.51
DTX,42.7,-83.47
C27,38.00,-80.00
KGLO,33.4,-110.77
KLFT,30.2,-91.98
KELY,39.28,-114.85
KHVR,48.55,-109.77
KBFM,30.63,-88.07
BNA,36.25,-86.57
AKO,40.17,-103.22
FRS,38.51,-123.22
KCNU,37.66,-95.48
FZP,34.83,-118.95
KHQM,46.97,-123.93
KBHB,44.45,-68.37
G,23.3,-91.6
MMZC,22.9,-102.68
KRST,43.92,-92.5
KTEB,40.84,-74.07
KYC,43.71,-106.63
KMFE,26.18,-98.23
JHN,35.97,-118.54
SVL,42.5,-78.68
KCHO,38.13,-78.44
DFDS,43.99,-103.79
KFWA,41.00,-85.2
KRIC,37.5,-77.33
CVD,38.78,-122.99
KRDM,44.25,-121.15
KTWF,42.48,-114.48
KELP,31.8,-106.4
KORE,42.57,-72.27
KEZF,38.27,-77.45
P,43.22,-90.53
KHTL,44.36,-84.67
KBWG,36.97,-86.42
KEKQ,36.86,-84.86
KFAR,46.9,-96.8
CYTS,48.57,-81.37
82MN,44.46,-92.29
KSHA,32.99,-106.97
KNSI,33.25,-119.45
KP59,47.45,-87.9
KLJF,45.1,-94.51
KSLN,38.8,-97.65
RUTG,40.5,-74.45
KEKN,38.88,-79.85
ANJ,46.47,-84.37
KFLD,43.77,-88.49
KSNS,36.66,-121.6
KSBN,41.7,-86.32
KPOF,36.77,-90.32
LH1,45.35,-82.84
KRCX,45.5,-91.00
KEAR,40.73,-99.00
KBTL,42.3,-85.25
KPHN,42.92,-82.53
CYPA,53.22,-105.68
KPVD,41.73,-71.43
KBVX,35.73,-91.65
KVLD,30.78,-83.28
COL3,45.68,-120.82
CYXS,53.88,-122.68
CYAH,53.75,-73.67
CYQR,50.43,-104.67
KOQU,41.6,-71.42
CVS,34.64,-103.63
OPPC,29.6,-117.00
KFDY,41.02,-83.67
KLXL,45.95,-94.35
KHOU,29.65,-95.28
KLWT,47.05,-109.47
2IS,26.75,-80.94
KMIS,29.3,-88.84
KMDN,38.83,-85.42
LO1,43.62,-77.41
KD50,48.93,-103.3
CYTH,55.75,-97.87
KBLH,33.62,-114.72
KDKB,41.93,-88.71
P68,39.5,-115.95
KITH,42.48,-76.44
PUC,39.62,-110.75
KONL,42.47,-98.69
KHNB,38.25,-86.95
KWKB,33.97,-112.74
PEV,45.46,-96.99
MUCA,21.78,-78.78
CBN,33.9,-88.33
KBRN,39.42,-93.13
WLCX,32.15,-109.84
C22,47.5,-99.00
KSTS,38.52,-122.82
KRWI,35.84,-77.9
ADM,34.3,-97.02
KISO,35.33,-77.6
KCOE,47.77,-116.82
KGBG,40.94,-90.43
SWY,47.08,-122.36
KAUW,44.93,-89.63
C12,33.7,-97.4
MZT,23.2,-106.42
KHDN,40.48,-107.22
KEED,34.77,-114.62
KTRI,36.48,-82.4
G,36.5,-100.8
KTRM,33.63,-116.17
KTTF,41.94,-83.43
FPS7,33.49,-77.59
G,23.5,-98.00
KTUP,34.27,-88.77
VAD,30.89,-83.01
HMM,46.25,-114.15
P,41.9,-93.7
KBJC,39.91,-105.12
MRS,45.5,-95.9
KHJH,40.15,-97.58
S,27.9,-96.64
K61,39.47,-98.13
KC1,38.76,-102.79
PIH,43.11,-112.68
KSAN,32.73,-117.17
K82,39.76,-98.79
BRHR,41.69,-87.15
OPPB,30.9,-121.5
K9V9,43.8,-99.32
CYXC,49.62,-115.78
KHDE,40.45,-99.33
KRNT,47.5,-122.22
MPI,37.51,-120.04
ROU,41.43,-121.46
KWMC,40.9,-117.8
KACT,31.62,-97.22
KALO,42.55,-92.4
P,36.84,-107.91
KULM,44.32,-94.5
MRF,30.37,-104.02
KPVU,40.22,-111.72
KPNT,40.92,-88.62
ATLH,40.42,-73.98
KHLC,39.38,-99.83
WOO,38.88,-78.52
EMF,34.63,-117.61
KGSO,36.08,-79.94
NGX,31.4,-114.49
MYNN,25.05,-77.47
KLWB,37.87,-80.4
CZC,38.61,-123.21
HLD,39.00,-123.12
ZION,37.2,-112.99
KGCK,37.93,-100.72
KOTH,43.42,-124.25
KHLG,40.18,-80.65
KLWS,46.38,-117.02
KEHA,37.01,-101.88
CYXE,52.17,-106.68
VSF,43.35,-72.52
KABY,31.53,-84.18
ILN,39.42,-83.83
KAHQ,41.24,-96.59
B,39.2,-124.00
FSI,34.6,-98.4
KP38,37.62,-114.52
LBY,48.39,-115.55
LHX,38.05,-103.52
S,27.9,-91.00
KGMU,34.84,-82.35
MYBS,25.73,-79.3
SOW,34.27,-110.00
KMBG,45.55,-100.41
KVNY,34.22,-118.48
AJO,32.37,-112.87
CYYG,46.28,-63.13
KHPN,41.07,-73.69
DPG,40.17,-112.93
KRPJ,41.89,-89.08
KFMN,36.75,-108.23
BH3,44.46,-103.85
YOB,40.34,-123.07
EON,42.46,-75.06
KBKX,44.31,-96.82
KMLT,45.65,-68.68
DEN,39.75,-104.87
MCH,35.48,-86.09
KGGG,32.34,-94.65
KSDF,38.18,-85.73
CCL,37.11,-120.24
KLEB,43.63,-72.3
KHTH,38.55,-118.63
KLYH,37.33,-79.19
KDRA,36.62,-116.02
ATL1,37.2,-74.8
KLAX,33.93,-118.4
LSF,32.33,-84.83
G,30.3,-101.7
KLNS,40.12,-76.29
KBOS,42.37,-71.03
MYGW,26.7,-78.97
LS3,47.32,-89.87
REP,48.65,-118.73
RCK,42.55,-119.66
KLOL,40.07,-118.57
KBMG,39.15,-86.62
KYNG,41.27,-80.67
B47,29.81,-91.66
